{"stat.useItem.minecraft.command_block":39,"stat.walkOneCm":29672,"stat.useItem.minecraft.sticky_piston":10,"stat.useItem.minecraft.stone":2,"stat.useItem.minecraft.repeater":35,"stat.leaveGame":4,"stat.useItem.minecraft.chest_minecart":1,"stat.jump":94,"stat.swimOneCm":2256,"stat.useItem.minecraft.minecart":4,"stat.useItem.minecraft.redstone_block":29,"stat.useItem.minecraft.redstone":51,"stat.crouchOneCm":652,"stat.useItem.minecraft.dirt":88,"stat.sprintOneCm":5250,"achievement.exploreAllBiomes":{"value":0,"progress":["Ocean"]},"achievement.openInventory":61,"stat.useItem.minecraft.golden_rail":31,"stat.useItem.minecraft.iron_block":89,"stat.useItem.minecraft.wooden_button":5,"stat.useItem.minecraft.detector_rail":1,"stat.useItem.minecraft.rail":19,"stat.flyOneCm":376493,"stat.useItem.minecraft.boat":1,"stat.useItem.minecraft.furnace_minecart":2,"stat.playOneMinute":61052,"stat.timeSinceDeath":61052,"stat.useItem.minecraft.sign":5,"stat.diveOneCm":259,"stat.useItem.minecraft.web":4}