{
    "parent": "item/generated",
    "textures": {
        "layer0": "items/bow_0"
   },
    "display": {
        "thirdperson_righthand": {
            "rotation": [ -80, 260, -40 ],
            "translation": [ -1, -2, 2.5 ],
            "scale": [ 0.9, 0.9, 0.9 ]
        },
        "thirdperson_lefthand": {
            "rotation": [ -80, -280, 40 ],
            "translation": [ -1, -2, 2.5 ],
            "scale": [ 0.9, 0.9, 0.9 ]
        },
        "firstperson_righthand": {
            "rotation": [ 0, -90, 25 ],
            "translation": [ 1.13, 3.2, 1.13],
            "scale": [ 0.68, 0.68, 0.68 ]
        },
        "firstperson_lefthand": {
            "rotation": [ 0, 90, -25 ],
            "translation": [ 1.13, 3.2, 1.13],
            "scale": [ 0.68, 0.68, 0.68 ]
        }   
	},
    "overrides": [
        {"predicate": {"pulling": 0, "damage": 0.50},"model": "item/bow_1"},
        {"predicate": {"pulling": 0, "damage": 0.75},"model": "item/bow_2"},
		{"predicate": {"pulling": 0, "damage": 0.80},"model": "item/bow_6"},
		{"predicate": {"pulling": 0, "damage": 0.85},"model": "item/bow_3"},
		{"predicate": {"pulling": 0, "damage": 0.90},"model": "item/bow_4"},
		{"predicate": {"pulling": 0, "damage": 0.95},"model": "item/bow_5"},
        {"predicate": {"pulling": 1}, "model": "item/bow_0_pulling_0"},
		{"predicate": {"pulling": 1, "pull": 0.65}, "model": "item/bow_0_pulling_1"},
		{"predicate": {"pulling": 1, "pull": 0.9}, "model": "item/bow_0_pulling_2"},
		{"predicate": {"pulling": 1, "damage": 0.50}, "model": "item/bow_1_pulling_0"},
		{"predicate": {"pulling": 1, "pull": 0.65, "damage": 0.50}, "model": "item/bow_1_pulling_1"},
		{"predicate": {"pulling": 1, "pull": 0.9, "damage": 0.50}, "model": "item/bow_1_pulling_2"},
	    {"predicate": {"pulling": 1, "damage": 0.75}, "model": "item/bow_2_pulling_0"},
		{"predicate": {"pulling": 1, "pull": 0.65, "damage": 0.75}, "model": "item/bow_2_pulling_1"},
		{"predicate": {"pulling": 1, "pull": 0.9, "damage": 0.75}, "model": "item/bow_2_pulling_2"},
		{"predicate": {"pulling": 1, "damage": 0.80}, "model": "item/bow_6_pulling_0"},
		{"predicate": {"pulling": 1, "pull": 0.65, "damage": 0.80}, "model": "item/bow_6_pulling_1"},
		{"predicate": {"pulling": 1, "pull": 0.9, "damage": 0.80}, "model": "item/bow_6_pulling_2"},
		{"predicate": {"pulling": 1, "damage": 0.85}, "model": "item/bow_3_pulling_0"},
		{"predicate": {"pulling": 1, "pull": 0.65, "damage": 0.85}, "model": "item/bow_3_pulling_1"},
		{"predicate": {"pulling": 1, "pull": 0.9, "damage": 0.85}, "model": "item/bow_3_pulling_2"},
		{"predicate": {"pulling": 1, "damage": 0.90}, "model": "item/bow_4_pulling_0"},
		{"predicate": {"pulling": 1, "pull": 0.65, "damage": 0.90}, "model": "item/bow_4_pulling_1"},
		{"predicate": {"pulling": 1, "pull": 0.9, "damage": 0.90}, "model": "item/bow_4_pulling_2"},
		{"predicate": {"pulling": 1, "damage": 0.95}, "model": "item/bow_5_pulling_0"},
		{"predicate": {"pulling": 1, "pull": 0.65, "damage": 0.95}, "model": "item/bow_5_pulling_1"},
		{"predicate": {"pulling": 1, "pull": 0.9, "damage": 0.95}, "model": "item/bow_5_pulling_2"}
  ]
}