{
    "parent": "item/handheld_rod",
    "textures": {
        "layer0": "items/carrot_on_a_stick"
    },
    "overrides": [
        {"predicate": {"damage": 0.05},"model": "item/spell1warrior"},
		{"predicate": {"damage": 0.10},"model": "item/spell1tank"},
		{"predicate": {"damage": 0.15},"model": "item/spell1archer"},
		{"predicate": {"damage": 0.20},"model": "item/spell1rusher"},
		{"predicate": {"damage": 0.25},"model": "item/spell1priest"},
		{"predicate": {"damage": 0.30},"model": "item/spell2warrior"},
		{"predicate": {"damage": 0.35},"model": "item/spell2tank"},
		{"predicate": {"damage": 0.40},"model": "item/spell2archer"},
		{"predicate": {"damage": 0.45},"model": "item/spell2rusher"},
		{"predicate": {"damage": 0.50},"model": "item/spell2priest"},
		{"predicate": {"damage": 0.55},"model": "item/spell3warrior"},
		{"predicate": {"damage": 0.60},"model": "item/spell3tank"},
		{"predicate": {"damage": 0.65},"model": "item/spell3archer"},
		{"predicate": {"damage": 0.70},"model": "item/spell3rusher"},
		{"predicate": {"damage": 0.75},"model": "item/spell3priest"}		
  ]	
}
