{
    "parent": "item/handheld",
    "textures": {
        "layer0": "items/diamond_hoe"
    },
    "overrides": [
        {"predicate": {"damage": 0.001},"model": "item/amor_green_upgrade1"},
        {"predicate": {"damage": 0.006},"model": "item/amor_red_upgrade1"},
		{"predicate": {"damage": 0.007},"model": "item/amor_upgrade2"},
		{"predicate": {"damage": 0.008},"model": "item/amor_upgrade3"},
		{"predicate": {"damage": 0.009},"model": "item/amor_upgrade4"},
		{"predicate": {"damage": 0.010},"model": "item/amor_upgrade5"},
        {"predicate": {"damage": 0.011},"model": "item/sword_upgrade1"},
		{"predicate": {"damage": 0.012},"model": "item/sword_upgrade2"},
		{"predicate": {"damage": 0.013},"model": "item/sword_upgrade3"},
		{"predicate": {"damage": 0.014},"model": "item/sword_upgrade4"},
		{"predicate": {"damage": 0.015},"model": "item/sword_upgrade5"},
        {"predicate": {"damage": 0.016},"model": "item/bow_upgrade1"},
		{"predicate": {"damage": 0.017},"model": "item/bow_upgrade2"},
		{"predicate": {"damage": 0.018},"model": "item/bow_upgrade3"},
		{"predicate": {"damage": 0.019},"model": "item/bow_upgrade4"},
		{"predicate": {"damage": 0.020},"model": "item/bow_upgrade5"},
		{"predicate": {"damage": 0.021},"model": "item/spell1_upgrade"},
		{"predicate": {"damage": 0.022},"model": "item/spell2_upgrade"},
		{"predicate": {"damage": 0.023},"model": "item/spell3_upgrade"}
  ]	
}
