{
    "__comment": "Model generated using MrCrayfish's Model Creator (http://mrcrayfish.com/modelcreator/)",
    "textures": {
        "0": "blocks/hardened_clay_stained_lime",
        "1": "blocks/stone"
    },
    "elements": [
        {
            "name": "Cube",
            "from": [ 0.0, 0.0, 0.0 ], 
            "to": [ 16.0, 6.0, 16.0 ], 
            "faces": {
                "north": { "texture": "#0", "uv": [ 0.0, 0.0, 16.0, 6.0 ] },
                "east": { "texture": "#0", "uv": [ 0.0, 0.0, 16.0, 6.0 ] },
                "south": { "texture": "#0", "uv": [ 0.0, 0.0, 16.0, 6.0 ] },
                "west": { "texture": "#0", "uv": [ 0.0, 0.0, 16.0, 6.0 ] },
                "up": { "texture": "#0", "uv": [ 0.0, 0.0, 16.0, 16.0 ] },
                "down": { "texture": "#0", "uv": [ 0.0, 0.0, 16.0, 16.0 ] }
            }
        },
        {
            "name": "Cube",
            "from": [ 5.0, 6.0, 6.0 ], 
            "to": [ 11.0, 7.0, 10.0 ], 
            "faces": {
                "north": { "texture": "#1", "uv": [ 0.0, 0.0, 6.0, 1.0 ] },
                "east": { "texture": "#1", "uv": [ 0.0, 0.0, 4.0, 1.0 ] },
                "south": { "texture": "#1", "uv": [ 0.0, 0.0, 6.0, 1.0 ] },
                "west": { "texture": "#1", "uv": [ 0.0, 0.0, 4.0, 1.0 ] },
                "up": { "texture": "#1", "uv": [ 0.0, 0.0, 6.0, 4.0 ] },
                "down": { "texture": "#1", "uv": [ 0.0, 0.0, 6.0, 4.0 ] }
            }
        }
    ]
}