{
"notif":{"sounds":["notif"]},
"king":{"sounds":["king"]},
"sarah":{"sounds":["sarah"]},
"howl1":{"sounds":[{"name": "player/howl1", "stream": true}]},
"howl2":{"sounds":[{"name": "player/howl2", "stream": true}]},
"rage1":{"sounds":[{"name": "player/rage1", "stream": true}]},
"rage2":{"sounds":[{"name": "player/rage2", "stream": true}]},
"steak":{"sounds":[{"name": "steak", "stream": true}]},
"fight1":{"sounds":[{"name": "music/fight/fight1", "stream": true}]},
"fight2":{"sounds":[{"name": "music/fight/fight2", "stream": true}]},
"fight3":{"sounds":[{"name": "music/fight/fight3", "stream": true}]},
"hub":{"sounds":[{"name": "music/hub/hub", "stream": true}]},
"end":{"sounds":["music/end/end1","music/end/end2"]}
}