{"stats":{"minecraft:picked_up":{"minecraft:shulker_shell":5,"minecraft:barrier":2,"minecraft:structure_block":4,"minecraft:orange_carpet":4,"minecraft:carrot_on_a_stick":5,"minecraft:gold_block":2,"minecraft:potion":2,"minecraft:orange_concrete":1,"minecraft:smooth_sandstone":6,"minecraft:torch":1,"minecraft:stone_button":7,"minecraft:diamond_block":3,"minecraft:redstone":3,"minecraft:stone_pressure_plate":1,"minecraft:repeating_command_block":2,"minecraft:command_block":2,"minecraft:slime_ball":28,"minecraft:lever":5,"minecraft:white_concrete":1,"minecraft:saddle":1,"minecraft:blaze_rod":12},"minecraft:killed":{"minecraft:slime":56,"minecraft:creeper":4,"minecraft:shulker":14,"minecraft:horse":1,"minecraft:villager":1},"minecraft:used":{"minecraft:light_blue_carpet":2,"minecraft:trident":4,"minecraft:end_rod":25,"minecraft:iron_bars":57,"minecraft:stripped_birch_log":1,"minecraft:snow_block":954,"minecraft:orange_concrete":458,"minecraft:flint_and_steel":15,"minecraft:armor_stand":13,"minecraft:carrot_on_a_stick":28816,"minecraft:red_concrete":870,"minecraft:redstone":182,"minecraft:chest":2,"minecraft:white_terracotta":104,"minecraft:ender_chest":3,"minecraft:stone":108,"minecraft:cut_sandstone":2,"minecraft:redstone_block":4,"minecraft:structure_block":294,"minecraft:debug_stick":222,"minecraft:dark_oak_trapdoor":45,"minecraft:dirt":102,"minecraft:diamond_block":64,"minecraft:orange_carpet":19,"minecraft:anvil":2,"minecraft:comparator":3,"minecraft:light_blue_concrete":767,"minecraft:white_carpet":10,"minecraft:tnt":171,"minecraft:crafting_table":1,"minecraft:light_gray_terracotta":386,"minecraft:shulker_spawn_egg":13,"minecraft:lingering_potion":15,"minecraft:obsidian":423,"minecraft:milk_bucket":1,"minecraft:creeper_spawn_egg":4,"minecraft:glass":10,"minecraft:piston":20,"minecraft:lever":59,"minecraft:packed_ice":188,"minecraft:sea_lantern":15,"minecraft:daylight_detector":15,"minecraft:villager_spawn_egg":1,"minecraft:command_block":84,"minecraft:lime_carpet":1,"minecraft:iron_block":1585,"minecraft:map":1,"minecraft:string":3,"minecraft:barrier":2777,"minecraft:stone_button":62,"minecraft:smooth_sandstone":809,"minecraft:sign":5,"minecraft:cyan_concrete":636,"minecraft:oak_pressure_plate":2,"minecraft:dark_oak_button":12,"minecraft:tripwire_hook":2,"minecraft:repeater":74,"minecraft:slime_spawn_egg":2,"minecraft:item_frame":66,"minecraft:acacia_fence_gate":3,"minecraft:potion":8,"minecraft:bedrock":68,"minecraft:glowstone":90,"minecraft:blue_carpet":8,"minecraft:diamond_sword":102,"minecraft:birch_trapdoor":12,"minecraft:redstone_lamp":1,"minecraft:lime_concrete":4227,"minecraft:bow":4,"minecraft:written_book":26,"minecraft:iron_trapdoor":7,"minecraft:chain_command_block":20,"minecraft:gold_block":1074,"minecraft:repeating_command_block":80,"minecraft:stone_pressure_plate":1,"minecraft:white_concrete":991,"minecraft:splash_potion":129},"minecraft:crafted":{"minecraft:filled_map":3},"minecraft:dropped":{"minecraft:snow_block":1,"minecraft:gold_ore":1,"minecraft:red_concrete":1,"minecraft:anvil":1,"minecraft:repeating_command_block":3,"minecraft:diamond_block":6,"minecraft:clock":1,"minecraft:blaze_rod":884,"minecraft:ender_chest":1,"minecraft:lime_concrete":1,"minecraft:obsidian":1,"minecraft:orange_concrete":2,"minecraft:barrier":4,"minecraft:villager_spawn_egg":1,"minecraft:structure_block":5,"minecraft:dark_oak_button":1,"minecraft:command_block":4,"minecraft:light_blue_concrete":1,"minecraft:carrot_on_a_stick":15,"minecraft:structure_void":1,"minecraft:item_frame":1,"minecraft:end_rod":1,"minecraft:gold_block":9,"minecraft:command_block_minecart":1,"minecraft:filled_map":1,"minecraft:diamond_sword":1,"minecraft:iron_block":1,"minecraft:redstone_lamp":1,"minecraft:stone":1,"minecraft:orange_carpet":2,"minecraft:packed_ice":1,"minecraft:iron_trapdoor":1,"minecraft:stone_button":2,"minecraft:repeater":1,"minecraft:white_concrete":2,"minecraft:potion":2,"minecraft:iron_bars":1,"minecraft:cyan_concrete":1,"minecraft:chain_command_block":7,"minecraft:smooth_sandstone":6,"minecraft:redstone_block":1,"minecraft:armor_stand":1,"minecraft:redstone":2},"minecraft:custom":{"minecraft:mob_kills":78,"minecraft:interact_with_crafting_table":4,"minecraft:play_one_minute":2605006,"minecraft:leave_game":59,"minecraft:time_since_death":5437,"minecraft:time_since_rest":5461,"minecraft:sprint_one_cm":595812,"minecraft:open_enderchest":4,"minecraft:damage_taken":2190,"minecraft:walk_one_cm":2330611,"minecraft:drop":982,"minecraft:damage_dealt":29581,"minecraft:fly_one_cm":15967834,"minecraft:open_chest":6,"minecraft:crouch_one_cm":133050,"minecraft:deaths":635,"minecraft:sneak_time":49658,"minecraft:jump":2245,"minecraft:fall_one_cm":5080}},"DataVersion":1478}